Order_ID,Order_Date,City,Category,Product,Customer_Age,Unit_Price,Quantity,Discount_Percent,Total_Sales,Payment_Method,Delivery_Days,Customer_Rating
ORD00149,2025-01-15,Mumbai,Clothing,Jacket,63.0,1232.0,1,10,1108.8,UPI,5.0,4.5
ORD00479,2025-06-23,Pune,Home,Bottle,62.0,99000.0,5,20,396000.0,UPI,6.0,4.4
ORD00050,2025-04-10,Kolkata,Electronics,Smartwatch,46.0,2867.0,3,5,8170.95,UPI,5.0,4.3
ORD00208,2025-01-20,Dehradun,Beauty,Cream,38.0,728.0,4,10,2620.8,UPI,7.0,3.4
ORD00477,2025-05-26,Bengaluru,Clothing,T-Shirt,34.0,716.0,2,0,1432.0,Card,6.0,4.4
ORD00476,2025-03-23,Pune,Clothing,Shoes,60.0,922.0,4,15,3134.8,Cash on Delivery,6.0,4.5
ORD00073,2025-09-16,Pune,Sports,Racket,34.0,1612.0,2,10,2901.6,Card,,3.2
ORD00248,2025-02-28,Kolkata,Clothing,Shoes,48.0,1248.0,5,10,5616.0,UPI,7.0,3.5
ORD00536,2025-06-14,Dehradun,Electronics,Smartwatch,42.0,1721.0,3,5,4904.85,UPI,2.0,3.5
ORD00582,2025-12-01,Pune,Home,Bedsheet,36.0,706.0,3,0,2118.0,Card,4.0,4.4
ORD00034,2025-02-01,Delhi,Clothing,Jacket,61.0,1263.0,4,10,4546.8,UPI,7.0,4.9
ORD00096,2025-11-05,Delhi,Home,Chair,43.0,899.0,4,0,3596.0,UPI,7.0,3.4
ORD00437,2025-01-21,Hyderabad,Electronics,Headphones,52.0,1940.0,3,5,5529.0,Card,3.0,3.6
ORD00585,2025-03-07,Kolkata,Books,Comics,58.0,427.0,3,5,1216.95,Card,8.0,5.0
ORD00600,2025-01-15,Dehradun,Home,Chair,29.0,481.0,3,5,1370.85,UPI,4.0,3.4
ORD00342,2025-09-14,Patna,Books,Novel,23.0,522.0,5,0,2610.0,UPI,3.0,4.2
ORD00196,2025-02-26,Hyderabad,Electronics,Keyboard,20.0,3875.0,2,10,6975.0,UPI,4.0,4.4
ORD00138,2025-11-17,Hyderabad,Home,Bedsheet,24.0,1126.0,4,20,3603.2,UPI,4.0,4.3
ORD00110,2025-06-11,Delhi,Books,Notebook,22.0,366.0,5,15,1555.5,Cash on Delivery,3.0,4.4
ORD00565,2025-09-12,Hyderabad,Beauty,Shampoo,25.0,421.0,5,5,1999.75,UPI,3.0,4.0
ORD00200,2025-09-22,Dehradun,Clothing,Jeans,62.0,1507.0,2,0,3014.0,,3.0,3.6
ORD00413,2025-06-03,Pune,Electronics,Keyboard,,3996.0,4,5,15184.8,Cash on Delivery,4.0,3.8
ORD00414,2025-03-31,Hyderabad,Sports,Dumbbell,31.0,490.0,2,10,882.0,Cash on Delivery,4.0,4.8
ORD00345,2025-03-16,Bengaluru,Sports,Yoga Mat,36.0,1321.0,5,15,5614.25,Cash on Delivery,6.0,5.0
ORD00192,2025-04-02,Pune,Clothing,Jacket,57.0,1499.0,5,10,6745.5,UPI,3.0,
ORD00589,2025-08-29,Hyderabad,Electronics,Mouse,,6947.0,5,5,32998.25,UPI,5.0,4.4
ORD00180,2025-06-27,Kolkata,Beauty,Shampoo,28.0,853.0,1,15,725.05,UPI,5.0,5.0
ORD00124,2025-10-17,Mumbai,Clothing,Shoes,34.0,2514.0,3,10,6787.8,Card,4.0,4.7
ORD00523,2025-12-22,Patna,Electronics,Keyboard,36.0,1572.0,3,10,4244.4,Card,5.0,3.2
ORD00172,2025-11-18,Patna,Home,Bedsheet,62.0,1333.0,3,0,3999.0,UPI,4.0,4.5
ORD00199,2025-11-17,Dehradun,Electronics,Headphones,49.0,1287.0,3,10,3474.9,Cash on Delivery,,3.3
ORD00482,2025-05-08,Kolkata,Electronics,Headphones,49.0,2083.0,3,5,5936.55,UPI,5.0,3.5
ORD00461,2025-05-22,Hyderabad,Home,Chair,29.0,893.0,3,15,2277.15,Card,5.0,4.1
ORD00499,2025-12-27,Patna,Clothing,Jeans,37.0,683.0,2,10,1229.4,Card,3.0,4.3
ORD00543,2025-09-08,Kolkata,Sports,Football,21.0,1176.0,1,0,1176.0,UPI,3.0,3.0
ORD00027,2025-05-16,Bengaluru,Home,Lamp,22.0,813.0,2,0,1626.0,Card,3.0,4.3
ORD00460,2025-05-11,Hyderabad,Home,Bedsheet,28.0,429.0,2,10,772.2,UPI,4.0,4.5
ORD00443,2025-07-05,Mumbai,Beauty,Perfume,50.0,360.0,5,10,1620.0,Cash on Delivery,6.0,4.7
ORD00373,2025-04-28,Hyderabad,Clothing,Jacket,57.0,2272.0,2,15,3862.4,Cash on Delivery,4.0,2.6
ORD00361,2025-06-28,Patna,Books,Textbook,27.0,595.0,3,5,1695.75,UPI,7.0,4.7
ORD00089,2025-10-05,Delhi,Electronics,Headphones,27.0,1727.0,4,10,6217.2,UPI,3.0,3.7
ORD00400,2025-03-11,Dehradun,Clothing,Jacket,29.0,1671.0,3,10,4511.7,Card,7.0,4.3
ORD00130,2025-03-07,Dehradun,Home,Bedsheet,52.0,1009.0,3,10,2724.3,Card,5.0,4.4
ORD00254,2025-03-28,Delhi,Clothing,T-Shirt,63.0,1202.0,5,5,5709.5,Cash on Delivery,4.0,3.6
ORD00220,2025-10-13,Bengaluru,Clothing,Jeans,28.0,555.0,3,5,1581.75,,6.0,4.4
ORD00379,2025-06-06,Dehradun,Clothing,T-Shirt,35.0,977.0,2,15,1660.9,UPI,8.0,4.0
ORD00354,2025-03-13,Dehradun,Home,Chair,18.0,1811.0,1,5,1720.45,UPI,6.0,4.9
ORD00295,2025-03-14,Patna,Sports,Football,44.0,1277.0,3,15,3256.35,Card,5.0,4.9
ORD00174,2025-06-23,Dehradun,Books,Textbook,60.0,732.0,5,5,3477.0,UPI,,2.9
ORD00341,2025-11-03,Pune,Electronics,Mouse,62.0,6885.0,1,15,5852.25,UPI,4.0,5.0
ORD00150,2025-05-22,Patna,Electronics,Keyboard,23.0,1918.0,3,0,5754.0,UPI,2.0,4.4
ORD00591,2025-05-01,Hyderabad,Books,Comics,53.0,1099.0,2,0,2198.0,Cash on Delivery,4.0,4.5
ORD00005,2025-01-06,Bengaluru,Electronics,Keyboard,43.0,3160.0,2,15,5372.0,UPI,4.0,2.7
ORD00489,2025-06-08,Patna,Home,Bottle,29.0,787.0,1,15,668.95,Cash on Delivery,3.0,3.2
ORD00189,2025-08-30,Dehradun,Beauty,Cream,55.0,701.0,2,5,1331.9,UPI,5.0,3.9
ORD00170,2025-04-11,Bengaluru,Books,Comics,20.0,340.0,5,20,1360.0,UPI,4.0,3.0
ORD00458,2025-08-16,Delhi,Clothing,Shoes,40.0,1947.0,5,0,9735.0,Card,5.0,4.0
ORD00105,2025-04-28,Patna,Beauty,Shampoo,64.0,727.0,4,20,2326.4,Card,5.0,3.7
ORD00512,2025-05-13,Dehradun,Sports,Football,29.0,3029.0,1,20,2423.2,UPI,5.0,3.0
ORD00241,2025-01-30,Delhi,Sports,Racket,63.0,2782.0,1,0,2782.0,Cash on Delivery,4.0,4.1
ORD00350,2025-03-16,Dehradun,Electronics,Headphones,21.0,714.0,4,5,2713.2,Cash on Delivery,3.0,3.2
ORD00452,2025-02-22,Hyderabad,Sports,Yoga Mat,48.0,2629.0,2,10,4732.2,Card,2.0,5.0
ORD00154,2025-04-29,Pune,Home,Bottle,57.0,1113.0,4,5,4229.4,Cash on Delivery,5.0,3.8
ORD00144,2025-03-21,Pune,Home,Chair,63.0,1954.0,5,0,9770.0,UPI,2.0,5.0
ORD00230,2025-03-28,Pune,Electronics,Smartwatch,35.0,2817.0,5,0,14085.0,Card,1.0,3.1
ORD00062,2025-06-11,Hyderabad,Home,Bottle,38.0,987.0,5,20,3948.0,Card,,4.2
ORD00545,2025-05-08,Dehradun,Electronics,Headphones,49.0,1005.0,1,5,954.75,Cash on Delivery,7.0,3.4
ORD00370,2025-11-17,Patna,Sports,Racket,49.0,1929.0,2,20,3086.4,UPI,6.0,
ORD00347,2025-08-12,Pune,Books,Comics,,120.0,1,10,108.0,Card,5.0,5.0
ORD00305,2025-06-15,Hyderabad,Sports,Dumbbell,57.0,1368.0,1,0,1368.0,Net Banking,2.0,4.5
ORD00559,2025-10-24,Bengaluru,Home,Chair,53.0,1435.0,5,5,6816.25,UPI,1.0,3.8
ORD00094,2025-11-10,Bengaluru,Clothing,T-Shirt,47.0,1281.0,2,0,2562.0,Cash on Delivery,3.0,3.4
ORD00097,2025-10-30,Hyderabad,Clothing,Jeans,19.0,1179.0,1,10,1061.1,Cash on Delivery,5.0,2.8
ORD00330,2025-10-07,Pune,Clothing,Shoes,54.0,755.0,4,15,2567.0,UPI,5.0,3.5
ORD00281,2025-10-08,Delhi,Electronics,Headphones,47.0,3662.0,2,15,6225.4,Cash on Delivery,2.0,4.2
ORD00147,2025-03-21,Patna,Clothing,Shoes,65.0,712.0,1,20,569.6,Cash on Delivery,2.0,3.6
ORD00520,2025-08-23,Patna,Sports,Dumbbell,21.0,842.0,1,0,842.0,Net Banking,6.0,3.4
ORD00289,2025-08-26,Bengaluru,Home,Lamp,23.0,951.0,1,0,951.0,Card,2.0,2.1
ORD00156,2025-10-25,Pune,Beauty,Perfume,36.0,885.0,5,0,4425.0,Card,3.0,4.6
ORD00380,2025-04-28,Hyderabad,Beauty,Shampoo,37.0,263.0,4,10,946.8,Card,4.0,4.5
ORD00490,2025-06-02,Kolkata,Home,Lamp,57.0,737.0,5,0,3685.0,UPI,3.0,4.9
ORD00244,2025-09-18,Dehradun,Home,Bedsheet,48.0,829.0,3,0,2487.0,Card,2.0,3.4
ORD00260,2025-04-27,Kolkata,Home,Chair,36.0,904.0,5,30,3164.0,UPI,4.0,4.8
ORD00551,2025-05-05,Bengaluru,Home,Bottle,22.0,1544.0,3,30,3242.4,UPI,2.0,3.9
ORD00406,2025-03-29,Hyderabad,Sports,Racket,60.0,1747.0,4,10,6289.2,UPI,6.0,3.4
ORD00204,2025-03-10,Dehradun,Electronics,Mouse,48.0,1260.0,3,5,3591.0,UPI,1.0,3.9
ORD00465,2025-05-18,Patna,Home,Chair,52.0,1473.0,4,15,5008.2,UPI,5.0,4.9
ORD00285,2025-02-09,Mumbai,Home,Bedsheet,44.0,1089.0,4,10,3920.4,Cash on Delivery,4.0,4.6
ORD00550,2025-10-02,Hyderabad,Clothing,Jacket,25.0,1974.0,2,10,3553.2,Card,1.0,
ORD00428,2025-06-03,Pune,Sports,Dumbbell,64.0,2213.0,2,20,3540.8,UPI,2.0,4.9
ORD00003,2025-10-28,Dehradun,Sports,Racket,43.0,1667.0,3,0,5001.0,Cash on Delivery,4.0,
ORD00211,2025-08-18,Kolkata,Beauty,Face Wash,30.0,485.0,3,10,1309.5,Card,2.0,4.1
ORD00562,2025-01-20,Patna,Clothing,Jeans,30.0,1742.0,5,10,7839.0,Card,4.0,4.7
ORD00219,2025-06-23,Bengaluru,Books,Notebook,19.0,224.0,3,15,571.2,UPI,8.0,3.1
ORD00055,2025-11-29,Bengaluru,Beauty,Shampoo,27.0,690.0,3,30,1449.0,UPI,8.0,3.2
ORD00218,2025-08-06,Mumbai,Electronics,Mouse,24.0,1794.0,1,5,1704.3,UPI,5.0,3.2
ORD00057,2025-08-07,Hyderabad,Clothing,T-Shirt,20.0,1104.0,2,10,1987.2,Cash on Delivery,6.0,4.8
ORD00175,2025-03-11,Bengaluru,Electronics,Smartwatch,49.0,3120.0,1,20,2496.0,Card,4.0,
ORD00071,2025-03-30,Kolkata,Electronics,Mouse,51.0,3520.0,1,10,3168.0,Cash on Delivery,3.0,4.1
ORD00564,2025-07-04,Kolkata,Home,Chair,42.0,597.0,1,5,567.15,UPI,4.0,4.0
ORD00353,2025-10-03,Bengaluru,Home,Chair,34.0,929.0,3,10,2508.3,UPI,7.0,3.8
ORD00278,2025-06-19,Kolkata,Home,Bedsheet,64.0,1341.0,2,5,2547.9,UPI,2.0,3.5
ORD00448,2025-02-28,Bengaluru,Home,Chair,41.0,2379.0,1,10,2141.1,UPI,6.0,5.0
ORD00474,2025-12-26,Dehradun,Electronics,Smartwatch,31.0,2725.0,4,0,10900.0,UPI,4.0,4.2
ORD00396,2025-03-14,Delhi,Clothing,T-Shirt,24.0,960.0,5,0,4800.0,UPI,4.0,3.4
ORD00366,2025-12-02,Patna,Clothing,Jeans,54.0,1253.0,4,0,5012.0,Card,3.0,3.7
ORD00387,2025-11-07,Dehradun,Beauty,Cream,58.0,452.0,1,10,406.8,UPI,4.0,4.2
ORD00435,2025-07-20,Delhi,Electronics,Mouse,25.0,2991.0,3,5,8524.35,UPI,5.0,
ORD00486,2025-03-05,Kolkata,Clothing,Jacket,65.0,1431.0,4,5,5437.8,Card,9.0,
ORD00581,2025-10-12,Patna,Home,Lamp,63.0,815.0,2,15,1385.5,,4.0,4.0
ORD00058,2025-04-18,Hyderabad,Home,Chair,46.0,2435.0,4,20,7792.0,UPI,10.0,4.1
ORD00462,2025-04-11,Pune,Electronics,Keyboard,57.0,3188.0,3,20,7651.2,Cash on Delivery,4.0,3.1
ORD00240,2025-03-30,Patna,Electronics,Smartwatch,61.0,1479.0,1,10,1331.1,UPI,5.0,4.4
ORD00054,2025-08-30,Bengaluru,Beauty,Cream,51.0,421.0,1,30,294.7,UPI,5.0,4.6
ORD00222,2025-08-28,Bengaluru,Home,Bottle,44.0,827.0,5,10,3721.5,Cash on Delivery,7.0,4.0
ORD00356,2025-04-17,Bengaluru,Home,Lamp,39.0,1405.0,2,10,2529.0,UPI,1.0,5.0
ORD00576,2025-01-16,Dehradun,Home,Lamp,25.0,1950.0,2,0,3900.0,Cash on Delivery,4.0,2.8
ORD00140,2025-02-14,Mumbai,Electronics,Mouse,27.0,1824.0,5,20,7296.0,UPI,4.0,4.0
ORD00496,2025-05-31,Dehradun,Home,Chair,62.0,1462.0,3,10,3947.4,UPI,1.0,3.8
ORD00555,2025-01-10,Delhi,Electronics,Keyboard,55.0,2674.0,4,10,9626.4,UPI,3.0,4.8
ORD00184,2025-04-15,Patna,Clothing,Shoes,41.0,1084.0,2,15,1842.8,UPI,1.0,3.4
ORD00040,2025-08-19,Patna,Beauty,Face Wash,51.0,343.0,3,10,926.1,Cash on Delivery,2.0,2.8
ORD00403,2025-12-14,Mumbai,Sports,Racket,20.0,3127.0,1,30,2188.9,UPI,4.0,5.0
ORD00061,2025-03-16,Mumbai,Beauty,Perfume,37.0,579.0,1,10,521.1,Card,5.0,2.0
ORD00302,2025-12-02,Delhi,Electronics,Mouse,40.0,1834.0,2,0,3668.0,UPI,3.0,4.5
ORD00215,2025-07-22,Pune,Beauty,Shampoo,33.0,807.0,5,0,4035.0,Card,1.0,4.4
ORD00221,2025-10-20,Bengaluru,Clothing,Shoes,61.0,1664.0,2,10,2995.2,UPI,,5.0
ORD00597,2025-07-11,Hyderabad,Beauty,Cream,42.0,1066.0,4,15,3624.4,UPI,7.0,4.2
ORD00441,2025-12-24,Kolkata,Sports,Dumbbell,20.0,362.0,4,5,1375.6,UPI,5.0,3.4
ORD00045,2025-10-22,Bengaluru,Sports,Racket,20.0,1914.0,2,10,3445.2,Card,4.0,3.3
ORD00398,2025-11-23,Pune,Clothing,Jacket,47.0,1133.0,1,10,1019.7,UPI,4.0,4.1
ORD00205,2025-05-26,Patna,Electronics,Headphones,60.0,1962.0,4,0,7848.0,Cash on Delivery,5.0,5.0
ORD00528,2025-04-18,Dehradun,Books,Comics,39.0,1142.0,4,15,3882.8,UPI,6.0,4.5
ORD00277,2025-01-22,Hyderabad,Clothing,Jeans,20.0,1209.0,2,15,2055.3,UPI,1.0,3.5
ORD00424,2025-12-24,Hyderabad,Electronics,Headphones,61.0,1766.0,5,10,7947.0,Cash on Delivery,5.0,4.6
ORD00340,2025-08-26,Kolkata,Books,Comics,59.0,290.0,3,30,609.0,UPI,2.0,4.1
ORD00521,2025-08-10,Kolkata,Sports,Yoga Mat,53.0,1716.0,1,10,1544.4,UPI,5.0,3.6
ORD00402,2025-11-19,Kolkata,Books,Comics,49.0,605.0,5,0,3025.0,UPI,6.0,4.6
ORD00308,2025-11-09,Dehradun,Home,Bedsheet,50.0,427.0,4,20,1366.4,UPI,6.0,2.5
ORD00286,2025-11-29,Bengaluru,Clothing,Shoes,44.0,906.0,2,0,1812.0,Cash on Delivery,6.0,
ORD00010,2025-04-11,Mumbai,Clothing,Shoes,38.0,1074.0,4,10,3866.4,UPI,3.0,4.2
ORD00145,2025-10-19,Bengaluru,Home,Lamp,36.0,740.0,1,15,629.0,UPI,1.0,3.9
ORD00007,2025-06-10,Patna,Beauty,Shampoo,61.0,252.0,2,20,403.2,Card,6.0,3.4
ORD00301,2025-03-15,Mumbai,Beauty,Shampoo,30.0,529.0,4,5,2010.2,UPI,6.0,4.3
ORD00231,2025-11-17,Hyderabad,Electronics,Mouse,55.0,3580.0,4,10,12888.0,Net Banking,4.0,
ORD00416,2025-12-31,Bengaluru,Clothing,T-Shirt,41.0,1786.0,4,0,7144.0,UPI,3.0,5.0
ORD00283,2025-04-21,Patna,Clothing,Jeans,63.0,1316.0,3,5,3750.6,UPI,4.0,3.8
ORD00357,2025-11-09,Dehradun,Beauty,Cream,59.0,414.0,2,20,662.4,UPI,7.0,
ORD00418,2025-03-25,Delhi,Beauty,Shampoo,27.0,737.0,2,5,1400.3,Cash on Delivery,4.0,3.8
ORD00159,2025-02-13,Dehradun,Beauty,Face Wash,56.0,219.0,5,15,930.75,UPI,2.0,4.1
ORD00084,2025-05-13,Kolkata,Electronics,Smartwatch,46.0,2758.0,2,15,4688.6,Card,4.0,3.2
ORD00292,2025-02-28,Bengaluru,Electronics,Mouse,63.0,1083.0,1,5,1028.85,Card,6.0,3.7
ORD00529,2025-09-04,Dehradun,Beauty,Perfume,31.0,879.0,1,20,703.2,Card,2.0,2.8
ORD00358,2025-07-04,Pune,Sports,Racket,34.0,1884.0,3,5,5369.4,Net Banking,4.0,3.8
ORD00100,2025-09-11,Hyderabad,Books,Novel,22.0,310.0,3,0,930.0,UPI,4.0,4.7
ORD00125,2025-09-17,Kolkata,Electronics,Smartwatch,52.0,5396.0,3,15,13759.8,Card,1.0,4.4
ORD00395,2025-03-28,Bengaluru,Electronics,Keyboard,,3275.0,1,20,2620.0,UPI,7.0,3.9
ORD00411,2025-07-22,Delhi,Beauty,Cream,32.0,780.0,3,20,1872.0,UPI,7.0,3.7
ORD00088,2025-08-06,Hyderabad,Home,Lamp,,1885.0,3,0,5655.0,Card,4.0,4.0
ORD00574,2025-07-21,Mumbai,Beauty,Perfume,59.0,778.0,5,5,3695.5,Card,6.0,5.0
ORD00367,2025-05-16,Pune,Beauty,Cream,48.0,765.0,5,5,3633.75,Card,3.0,4.1
ORD00294,2025-04-23,Pune,Electronics,Mouse,31.0,1835.0,5,0,9175.0,UPI,4.0,5.0
ORD00072,2025-08-02,Mumbai,Clothing,T-Shirt,43.0,1850.0,1,10,1665.0,Card,6.0,
ORD00202,2025-08-19,Hyderabad,Books,Novel,43.0,433.0,3,15,1104.15,UPI,3.0,4.6
ORD00131,2025-11-19,Hyderabad,Electronics,Mouse,,2349.0,4,5,8926.2,UPI,3.0,3.7
ORD00075,2025-04-17,Kolkata,Electronics,Smartwatch,58.0,2812.0,2,5,5342.8,UPI,3.0,4.9
ORD00137,2025-05-05,Delhi,Books,Comics,55.0,451.0,1,20,360.8,Card,3.0,4.7
ORD00549,2025-10-01,Delhi,Beauty,Cream,31.0,1981.0,4,10,7131.6,UPI,4.0,4.7
ORD00513,2025-02-12,Patna,Electronics,Smartwatch,26.0,4061.0,1,0,4061.0,UPI,1.0,3.5
ORD00017,2025-08-04,Bengaluru,Home,Chair,36.0,550.0,3,15,1402.5,Cash on Delivery,7.0,3.0
ORD00114,2025-09-10,Mumbai,Home,Bottle,28.0,442.0,4,5,1679.6,UPI,4.0,
ORD00008,2025-06-05,Mumbai,Sports,Dumbbell,64.0,545.0,1,10,490.5,UPI,3.0,4.0
ORD00533,2025-09-29,Delhi,Clothing,Jacket,,2168.0,2,0,4336.0,Card,1.0,4.3
ORD00594,2025-11-16,Delhi,Home,Bedsheet,52.0,661.0,4,15,2247.4,,2.0,4.8
ORD00515,2025-01-09,Patna,Clothing,Jacket,45.0,1024.0,2,5,1945.6,UPI,5.0,4.4
ORD00273,2025-12-02,Delhi,Electronics,Mouse,24.0,5196.0,1,5,4936.2,Card,5.0,4.6
ORD00068,2025-03-31,Mumbai,Clothing,Jeans,25.0,1611.0,2,15,2738.7,UPI,6.0,3.9
ORD00518,2025-09-09,Delhi,Beauty,Perfume,60.0,681.0,5,30,2383.5,Card,4.0,3.5
ORD00464,2025-07-03,Hyderabad,Clothing,Jacket,27.0,701.0,4,10,2523.6,UPI,5.0,4.2
ORD00279,2025-07-07,Hyderabad,Sports,Yoga Mat,39.0,1837.0,1,5,1745.15,UPI,7.0,4.6
ORD00275,2025-05-30,Dehradun,Beauty,Cream,60.0,239.0,3,15,609.45,Cash on Delivery,4.0,4.2
ORD00263,2025-08-14,Patna,Clothing,T-Shirt,56.0,767.0,5,20,3068.0,UPI,2.0,4.4
ORD00316,2025-03-23,Bengaluru,Clothing,Shoes,37.0,1647.0,5,0,8235.0,Card,2.0,4.2
ORD00407,2025-03-21,Delhi,Clothing,T-Shirt,62.0,879.0,4,20,2812.8,UPI,5.0,3.9
ORD00355,2025-01-24,Bengaluru,Home,Bedsheet,46.0,1167.0,5,5,5543.25,Card,8.0,4.5
ORD00539,2025-10-28,Kolkata,Electronics,Headphones,55.0,2500.0,3,20,6000.0,UPI,2.0,3.0
ORD00599,2025-03-27,Dehradun,Books,Textbook,32.0,237.0,4,10,853.2,UPI,1.0,4.2
ORD00454,2025-12-03,Kolkata,Electronics,Keyboard,43.0,1662.0,5,30,5817.0,UPI,4.0,3.3
ORD00446,2025-03-03,Pune,Beauty,Perfume,21.0,795.0,5,10,3577.5,Card,1.0,4.7
ORD00016,2025-04-21,Patna,Electronics,Headphones,23.0,1224.0,2,10,2203.2,Card,5.0,3.8
ORD00399,2025-10-08,Delhi,Clothing,Shoes,56.0,790.0,3,15,2014.5,UPI,1.0,3.7
ORD00256,2025-01-04,Dehradun,Beauty,Face Wash,46.0,578.0,3,0,1734.0,UPI,5.0,4.7
ORD00507,2025-01-07,Hyderabad,Clothing,Shoes,51.0,1186.0,5,5,5633.5,UPI,5.0,3.9
ORD00362,2025-08-08,Bengaluru,Electronics,Mouse,39.0,2920.0,3,10,7884.0,UPI,5.0,3.8
ORD00298,2025-08-20,Pune,Sports,Racket,19.0,943.0,2,15,1603.1,UPI,4.0,3.9
ORD00288,2025-03-23,Bengaluru,Clothing,T-Shirt,41.0,1268.0,2,5,2409.2,Card,5.0,3.5
ORD00021,2025-06-06,Dehradun,Beauty,Shampoo,24.0,186.0,5,20,744.0,Net Banking,4.0,3.8
ORD00514,2025-12-30,Bengaluru,Clothing,Jacket,41.0,286.0,1,0,286.0,Card,3.0,4.0
ORD00272,2025-11-15,Mumbai,Electronics,Keyboard,29.0,2204.0,2,0,4408.0,,4.0,3.3
ORD00376,2025-08-11,Mumbai,Electronics,Mouse,61.0,1687.0,3,0,5061.0,UPI,2.0,4.3
ORD00296,2025-05-02,Patna,Books,Textbook,51.0,212.0,3,20,508.8,UPI,,4.0
ORD00360,2025-06-27,Dehradun,Home,Bottle,,712.0,3,10,1922.4,UPI,,2.6
ORD00118,2025-03-22,Delhi,Beauty,Shampoo,57.0,892.0,1,0,892.0,Card,5.0,3.6
ORD00312,2025-05-10,Mumbai,Clothing,T-Shirt,42.0,1479.0,2,5,2810.1,UPI,5.0,4.1
ORD00269,2025-03-03,Pune,Electronics,Smartwatch,42.0,2269.0,3,30,4764.9,UPI,3.0,5.0
ORD00271,2025-09-09,Patna,Electronics,Smartwatch,57.0,2104.0,1,5,1998.8,Card,4.0,5.0
ORD00548,2025-08-12,Bengaluru,Electronics,Mouse,58.0,1437.0,4,15,4885.8,Cash on Delivery,1.0,3.9
ORD00267,2025-10-23,Hyderabad,Clothing,Jacket,18.0,1105.0,5,5,5248.75,UPI,6.0,
ORD00106,2025-03-24,Patna,Beauty,Shampoo,59.0,885.0,5,10,3982.5,UPI,5.0,2.9
ORD00592,2025-06-24,Dehradun,Clothing,Shoes,56.0,1435.0,4,10,5166.0,Cash on Delivery,3.0,4.6
ORD00201,2025-12-25,Pune,Beauty,Cream,20.0,1339.0,1,0,1339.0,UPI,6.0,3.6
ORD00595,2025-12-22,Pune,Electronics,Mouse,19.0,1436.0,3,15,3661.8,Card,4.0,3.4
ORD00472,2025-07-04,Bengaluru,Home,Chair,59.0,854.0,5,10,3843.0,UPI,5.0,3.4
ORD00579,2025-02-15,Patna,Sports,Football,44.0,4639.0,2,30,6494.6,UPI,4.0,
ORD00087,2025-12-04,Pune,Beauty,Cream,47.0,455.0,1,5,432.25,UPI,3.0,3.7
ORD00532,2025-08-13,Pune,Beauty,Cream,40.0,321.0,5,0,1605.0,Card,4.0,4.4
ORD00457,2025-12-25,Kolkata,Books,Notebook,29.0,505.0,4,10,1818.0,UPI,3.0,4.7
ORD00430,2025-07-23,Hyderabad,Sports,Yoga Mat,28.0,1042.0,4,5,3959.6,UPI,2.0,4.0
ORD00163,2025-02-07,Bengaluru,Clothing,Jeans,62.0,2173.0,2,5,4128.7,Cash on Delivery,4.0,3.0
ORD00325,2025-05-04,Hyderabad,Sports,Dumbbell,36.0,1275.0,3,30,2677.5,UPI,5.0,4.0
ORD00136,2025-07-28,Mumbai,Electronics,Smartwatch,20.0,3020.0,2,0,6040.0,UPI,7.0,4.4
ORD00116,2025-06-25,Delhi,Sports,Football,53.0,2095.0,3,5,5970.75,UPI,4.0,3.6
ORD00433,2025-07-16,Kolkata,Beauty,Face Wash,61.0,668.0,4,5,2538.4,UPI,4.0,4.7
ORD00224,2025-09-10,Kolkata,Books,Comics,28.0,452.0,1,10,406.8,UPI,1.0,2.7
ORD00546,2025-03-04,Kolkata,Clothing,Shoes,56.0,2254.0,1,10,2028.6,Card,3.0,4.1
ORD00504,2025-04-17,Hyderabad,Home,Lamp,28.0,1438.0,5,0,7190.0,UPI,3.0,4.2
ORD00475,2025-08-12,Mumbai,Clothing,Jacket,57.0,1495.0,1,5,1420.25,Card,5.0,4.1
ORD00022,2025-02-19,Patna,Clothing,Jacket,21.0,512.0,1,10,460.8,UPI,3.0,4.0
ORD00015,2025-01-03,Mumbai,Clothing,T-Shirt,34.0,689.0,4,10,2480.4,UPI,2.0,3.5
ORD00506,2025-05-31,Delhi,Sports,Racket,58.0,650.0,2,0,1300.0,UPI,4.0,4.3
ORD00185,2025-07-13,Hyderabad,Beauty,Perfume,27.0,687.0,5,5,3263.25,Card,7.0,4.7
ORD00449,2025-11-27,Pune,Electronics,Smartwatch,57.0,1988.0,2,20,3180.8,UPI,3.0,3.2
ORD00297,2025-08-08,Bengaluru,Books,Comics,65.0,275.0,5,10,1237.5,Card,5.0,3.8
ORD00099,2025-02-09,Mumbai,Electronics,Keyboard,55.0,1936.0,2,10,3484.8,UPI,4.0,4.8
ORD00540,2025-04-16,Delhi,Sports,Yoga Mat,57.0,2009.0,3,20,4821.6,UPI,3.0,3.3
ORD00093,2025-09-13,Delhi,Clothing,Jeans,56.0,2693.0,5,10,12118.5,UPI,1.0,5.0
ORD00311,2025-06-28,Hyderabad,Home,Bedsheet,29.0,1141.0,1,0,1141.0,Card,5.0,4.1
ORD00095,2025-02-16,Mumbai,Clothing,Shoes,63.0,727.0,3,20,1744.8,UPI,5.0,4.5
ORD00032,2025-02-15,Kolkata,Books,Comics,22.0,209.0,4,15,710.6,,3.0,2.8
ORD00251,2025-07-28,Hyderabad,Beauty,Perfume,43.0,775.0,4,0,3100.0,UPI,6.0,4.1
ORD00299,2025-07-22,Delhi,Beauty,Perfume,29.0,2221.0,3,15,5663.55,Card,3.0,4.2
ORD00203,2025-07-12,Delhi,Home,Bedsheet,55.0,861.0,5,0,4305.0,UPI,4.0,4.7
ORD00310,2025-09-14,Dehradun,Electronics,Keyboard,53.0,2370.0,4,0,9480.0,UPI,4.0,4.4
ORD00321,2025-12-30,Bengaluru,Books,Notebook,40.0,611.0,3,0,1833.0,UPI,2.0,3.5
ORD00176,2025-05-05,Patna,Electronics,Smartwatch,43.0,2315.0,4,5,8797.0,,6.0,4.5
ORD00421,2025-12-19,Dehradun,Beauty,Perfume,44.0,1770.0,2,0,3540.0,Card,2.0,4.3
ORD00129,2025-11-22,Patna,Electronics,Keyboard,19.0,3228.0,4,10,11620.8,UPI,3.0,5.0
ORD00166,2025-05-23,Mumbai,Clothing,T-Shirt,,1529.0,1,5,1452.55,UPI,4.0,3.7
ORD00026,2025-03-15,Hyderabad,Electronics,Smartwatch,23.0,2243.0,2,0,4486.0,Cash on Delivery,4.0,3.7
ORD00151,2025-11-29,Pune,Sports,Yoga Mat,28.0,1225.0,4,20,3920.0,,4.0,3.8
ORD00107,2025-12-28,Pune,Clothing,Jeans,44.0,728.0,3,0,2184.0,Card,3.0,4.1
ORD00012,2025-06-06,Pune,Books,Notebook,43.0,444.0,4,10,1598.4,,2.0,3.9
ORD00405,2025-02-17,Kolkata,Books,Novel,32.0,373.0,3,20,895.2,UPI,4.0,3.3
ORD00181,2025-04-28,Pune,Sports,Racket,53.0,899.0,2,30,1258.6,UPI,5.0,5.0
ORD00252,2025-03-30,Pune,Sports,Yoga Mat,18.0,884.0,4,0,3536.0,Card,4.0,3.4
ORD00122,2025-11-21,Bengaluru,Beauty,Perfume,46.0,511.0,3,10,1379.7,,5.0,4.6
ORD00567,2025-07-24,Bengaluru,Beauty,Shampoo,36.0,732.0,2,5,1390.8,Cash on Delivery,4.0,3.3
ORD00318,2025-03-03,Pune,Beauty,Face Wash,19.0,327.0,5,5,1553.25,,6.0,4.0
ORD00326,2025-03-21,Bengaluru,Beauty,Face Wash,18.0,946.0,2,20,1513.6,Cash on Delivery,5.0,4.0
ORD00572,2025-07-22,Mumbai,Sports,Football,65.0,2540.0,4,15,8636.0,Card,7.0,5.0
ORD00306,2025-01-03,Delhi,Home,Lamp,47.0,577.0,1,10,519.3,UPI,6.0,3.8
ORD00393,2025-04-23,Mumbai,Home,Bedsheet,41.0,1566.0,4,0,6264.0,UPI,2.0,3.9
ORD00500,2025-06-01,Mumbai,Home,Bottle,45.0,1846.0,5,10,8307.0,UPI,1.0,4.6
ORD00463,2025-03-30,Kolkata,Books,Novel,36.0,176.0,3,10,475.2,Net Banking,3.0,3.4
ORD00487,2025-06-01,Dehradun,Home,Bedsheet,,2472.0,2,5,4696.8,UPI,3.0,3.6
ORD00455,2025-04-14,Delhi,Electronics,Headphones,26.0,2176.0,2,10,3916.8,Card,2.0,3.6
ORD00323,2025-07-26,Pune,Clothing,T-Shirt,21.0,2581.0,5,0,12905.0,Net Banking,6.0,4.0
ORD00359,2025-10-14,Bengaluru,Home,Bottle,27.0,1368.0,4,20,4377.6,UPI,5.0,3.7
ORD00459,2025-01-16,Patna,Sports,Racket,,1679.0,2,15,2854.3,UPI,4.0,4.0
ORD00334,2025-01-17,Patna,Sports,Yoga Mat,44.0,1137.0,4,10,4093.2,Cash on Delivery,5.0,3.9
ORD00309,2025-04-08,Pune,Clothing,Shoes,23.0,820.0,3,5,2337.0,Net Banking,4.0,3.3
ORD00102,2025-05-24,Patna,Beauty,Perfume,31.0,661.0,4,20,2115.2,,5.0,3.9
ORD00577,2025-08-24,Kolkata,Books,Textbook,56.0,419.0,5,0,2095.0,UPI,4.0,2.7
ORD00056,2025-02-12,Delhi,Sports,Yoga Mat,63.0,1090.0,3,10,2943.0,Card,6.0,4.6
ORD00069,2025-07-10,Patna,Electronics,Smartwatch,18.0,1237.0,2,5,2350.3,Card,6.0,4.0
ORD00042,2025-01-09,Delhi,Sports,Racket,48.0,847.0,1,15,719.95,Card,,4.9
ORD00086,2025-02-24,Delhi,Electronics,Headphones,49.0,1230.0,1,0,1230.0,UPI,1.0,5.0
ORD00412,2025-05-26,Hyderabad,Beauty,Face Wash,55.0,583.0,5,5,2769.25,UPI,2.0,
ORD00135,2025-12-28,Pune,Home,Chair,33.0,772.0,4,5,2933.6,Card,5.0,3.5
ORD00197,2025-10-12,Kolkata,Home,Chair,,688.0,2,0,1376.0,Card,3.0,4.5
ORD00349,2025-01-29,Patna,Home,Bedsheet,35.0,384.0,1,0,384.0,Card,8.0,3.5
ORD00217,2025-01-18,Kolkata,Electronics,Keyboard,35.0,2325.0,4,10,8370.0,Card,2.0,5.0
ORD00488,2025-08-01,Mumbai,Electronics,Mouse,38.0,2777.0,2,0,5554.0,UPI,4.0,
ORD00112,2025-04-09,Bengaluru,Electronics,Mouse,46.0,2747.0,5,30,9614.5,Cash on Delivery,2.0,4.5
ORD00480,2025-02-24,Patna,Clothing,Jacket,56.0,832.0,3,15,2121.6,Card,4.0,4.0
ORD00526,2025-07-25,Mumbai,Clothing,Shoes,47.0,1512.0,3,0,4536.0,Card,5.0,4.7
ORD00527,2025-10-26,Delhi,Books,Notebook,45.0,177.0,1,10,159.3,UPI,5.0,4.0
ORD00495,2025-01-30,Patna,Sports,Yoga Mat,61.0,610.0,5,10,2745.0,UPI,3.0,5.0
ORD00317,2025-12-01,Mumbai,Clothing,Jeans,40.0,1194.0,2,5,2268.6,UPI,4.0,3.5
ORD00268,2025-01-26,Kolkata,Electronics,Mouse,38.0,4190.0,1,10,3771.0,UPI,5.0,4.3
ORD00013,2025-04-10,Dehradun,Beauty,Perfume,62.0,728.0,2,20,1164.8,UPI,3.0,4.3
ORD00063,2025-12-02,Delhi,Home,Bedsheet,50.0,953.0,2,5,1810.7,UPI,3.0,3.9
ORD00171,2025-07-28,Hyderabad,Clothing,Shoes,64.0,1795.0,4,15,6103.0,Cash on Delivery,6.0,
ORD00182,2025-09-19,Hyderabad,Sports,Football,57.0,1805.0,5,0,9025.0,Card,7.0,2.8
ORD00193,2025-06-26,Dehradun,Electronics,Smartwatch,52.0,2037.0,3,20,4888.8,UPI,7.0,4.1
ORD00190,2025-10-15,Kolkata,Clothing,Shoes,,1474.0,4,5,5601.2,UPI,3.0,4.4
ORD00113,2025-09-05,Delhi,Clothing,Shoes,26.0,1513.0,3,10,4085.1,UPI,4.0,4.6
ORD00103,2025-08-22,Hyderabad,Clothing,Jacket,58.0,1042.0,1,0,1042.0,UPI,2.0,
ORD00078,2025-03-22,Delhi,Beauty,Cream,20.0,544.0,2,5,1033.6,Card,6.0,3.6
ORD00191,2025-04-09,Mumbai,Books,Textbook,41.0,477.0,5,20,1908.0,UPI,4.0,4.2
ORD00328,2025-08-30,Kolkata,Home,Lamp,,2532.0,4,10,9115.2,Card,3.0,4.1
ORD00053,2025-11-10,Patna,Sports,Yoga Mat,62.0,1237.0,1,10,1113.3,UPI,4.0,3.4
ORD00029,2025-01-28,Kolkata,Electronics,Headphones,54.0,1569.0,1,0,1569.0,UPI,2.0,
ORD00066,2025-06-08,Patna,Home,Lamp,65.0,2165.0,5,30,7577.5,UPI,4.0,3.9
ORD00426,2025-03-24,Mumbai,Sports,Racket,60.0,500.0,1,20,400.0,UPI,5.0,2.9
ORD00291,2025-10-19,Delhi,Sports,Football,54.0,426.0,2,0,852.0,UPI,3.0,5.0
ORD00586,2025-04-20,Patna,Home,Lamp,51.0,780.0,4,0,3120.0,Card,4.0,3.2
ORD00083,2025-11-21,Patna,Sports,Football,54.0,613.0,1,0,613.0,Cash on Delivery,4.0,3.1
ORD00388,2025-11-07,Kolkata,Books,Novel,50.0,329.0,5,15,1398.25,Card,4.0,4.8
ORD00160,2025-09-01,Hyderabad,Beauty,Perfume,56.0,662.0,3,20,1588.8,Card,5.0,5.0
ORD00348,2025-07-14,Dehradun,Clothing,Shoes,58.0,602.0,5,20,2408.0,Cash on Delivery,3.0,3.7
ORD00245,2025-03-23,Hyderabad,Home,Lamp,43.0,534.0,3,10,1441.8,Cash on Delivery,2.0,4.3
ORD00542,2025-07-06,Hyderabad,Home,Chair,53.0,1228.0,2,0,2456.0,Card,7.0,3.7
ORD00491,2025-05-12,Bengaluru,Beauty,Cream,36.0,529.0,5,0,2645.0,Card,7.0,4.7
ORD00127,2025-08-19,Bengaluru,Clothing,Jacket,58.0,1136.0,3,15,2896.8,Card,3.0,3.9
ORD00233,2025-08-17,Kolkata,Books,Novel,32.0,792.0,1,5,752.4,Cash on Delivery,4.0,4.3
ORD00212,2025-12-26,Patna,Home,Chair,22.0,1947.0,2,5,3699.3,UPI,4.0,3.8
ORD00439,2025-09-14,Delhi,Beauty,Face Wash,34.0,395.0,5,5,1876.25,UPI,4.0,4.5
ORD00293,2025-03-31,Hyderabad,Books,Novel,33.0,249.0,1,15,211.65,Cash on Delivery,3.0,3.5
ORD00213,2025-12-07,Dehradun,Electronics,Mouse,51.0,2485.0,4,10,8946.0,Cash on Delivery,5.0,3.4
ORD00394,2025-08-13,Pune,Beauty,Face Wash,19.0,682.0,3,20,1636.8,UPI,1.0,
ORD00104,2025-12-31,Patna,Books,Notebook,43.0,427.0,5,0,2135.0,UPI,4.0,4.3
ORD00456,2025-07-07,Mumbai,Electronics,Headphones,38.0,1007.0,4,0,4028.0,Cash on Delivery,3.0,4.5
ORD00331,2025-08-22,Hyderabad,Beauty,Face Wash,40.0,1366.0,4,15,4644.4,Card,4.0,
ORD00391,2025-10-13,Mumbai,Home,Chair,51.0,2267.0,2,5,4307.3,UPI,6.0,3.9
ORD00009,2025-08-25,Dehradun,Electronics,Mouse,41.0,2186.0,2,15,3716.2,Cash on Delivery,5.0,3.6
ORD00259,2025-01-08,Kolkata,Electronics,Mouse,24.0,5334.0,2,10,9601.2,UPI,7.0,4.0
ORD00229,2025-08-14,Mumbai,Home,Bedsheet,56.0,2092.0,4,20,6694.4,UPI,5.0,2.4
ORD00238,2025-11-10,Bengaluru,Sports,Dumbbell,61.0,2058.0,2,0,4116.0,Card,6.0,4.0
ORD00557,2025-03-07,Delhi,Clothing,Jeans,35.0,1314.0,4,15,4467.6,UPI,5.0,4.8
ORD00183,2025-05-13,Kolkata,Home,Bedsheet,50.0,511.0,5,0,2555.0,UPI,5.0,5.0
ORD00382,2025-08-05,Dehradun,Books,Novel,63.0,206.0,5,20,824.0,,6.0,3.4
ORD00198,2025-05-13,Bengaluru,Sports,Dumbbell,63.0,1407.0,5,20,5628.0,Card,6.0,3.5
ORD00282,2025-10-24,Mumbai,Electronics,Headphones,33.0,3682.0,5,10,16569.0,UPI,1.0,3.1
ORD00401,2025-07-25,Dehradun,Clothing,Jeans,55.0,1661.0,4,0,6644.0,UPI,3.0,4.4
ORD00587,2025-12-06,Kolkata,Electronics,Headphones,50.0,4582.0,1,10,4123.8,UPI,3.0,4.6
ORD00538,2025-03-02,Mumbai,Electronics,Headphones,40.0,3114.0,4,0,12456.0,UPI,7.0,4.5
ORD00484,2025-09-19,Patna,Clothing,Shoes,58.0,1590.0,3,15,4054.5,Card,3.0,4.5
ORD00051,2025-12-08,Patna,Electronics,Headphones,40.0,4350.0,5,5,20662.5,Net Banking,4.0,4.1
ORD00188,2025-08-18,Bengaluru,Electronics,Mouse,50.0,4593.0,1,15,3904.05,UPI,2.0,4.3
ORD00165,2025-12-28,Patna,Home,Chair,61.0,740.0,2,15,1258.0,UPI,1.0,3.7
ORD00023,2025-09-30,Dehradun,Books,Notebook,,45000.0,2,10,81000.0,Net Banking,,3.5
ORD00319,2025-12-17,Mumbai,Clothing,Jeans,52.0,1025.0,1,5,973.75,Cash on Delivery,7.0,2.9
ORD00235,2025-12-09,Bengaluru,Books,Textbook,38.0,607.0,2,10,1092.6,Card,6.0,4.6
ORD00169,2025-09-23,Hyderabad,Clothing,Shoes,27.0,1965.0,4,10,7074.0,Cash on Delivery,4.0,3.6
ORD00554,2025-02-12,Pune,Books,Textbook,31.0,405.0,2,0,810.0,UPI,3.0,3.6
ORD00070,2025-09-11,Pune,Clothing,T-Shirt,27.0,1148.0,2,5,2181.2,UPI,4.0,4.1
ORD00187,2025-11-12,Mumbai,Clothing,Jacket,48.0,603.0,4,10,2170.8,Card,4.0,3.3
ORD00534,2025-10-29,Kolkata,Beauty,Cream,45.0,553.0,4,0,2212.0,UPI,5.0,3.3
ORD00481,2025-02-08,Patna,Clothing,Shoes,18.0,1897.0,1,0,1897.0,Card,5.0,4.3
ORD00365,2025-08-06,Kolkata,Beauty,Shampoo,59.0,360.0,5,10,1620.0,Net Banking,3.0,3.8
ORD00206,2025-11-10,Hyderabad,Electronics,Headphones,40.0,992.0,2,10,1785.6,Cash on Delivery,7.0,5.0
ORD00352,2025-09-23,Pune,Electronics,Smartwatch,27.0,4267.0,2,0,8534.0,Cash on Delivery,1.0,4.6
ORD00152,2025-12-10,Delhi,Sports,Football,,1977.0,2,10,3558.6,Card,1.0,4.4
ORD00503,2025-10-31,Patna,Books,Comics,54.0,211.0,4,30,590.8,UPI,6.0,4.2
ORD00425,2025-10-22,Patna,Home,Chair,34.0,780.0,5,0,3900.0,UPI,5.0,4.1
ORD00030,2025-10-22,Patna,Beauty,Perfume,54.0,422.0,5,10,1899.0,Cash on Delivery,6.0,5.0
ORD00471,2025-12-10,Bengaluru,Clothing,Shoes,31.0,4654.0,2,20,7446.4,UPI,5.0,3.9
ORD00239,2025-07-10,Bengaluru,Electronics,Mouse,20.0,1117.0,2,10,2010.6,Card,6.0,4.2
ORD00162,2025-12-02,Delhi,Books,Novel,23.0,759.0,2,10,1366.2,Cash on Delivery,5.0,4.2
ORD00571,2025-04-05,Hyderabad,Clothing,Jeans,29.0,643.0,3,0,1929.0,UPI,4.0,4.8
ORD00392,2025-07-11,Pune,Electronics,Mouse,54.0,1729.0,4,15,5878.6,UPI,4.0,3.4
ORD00377,2025-10-15,Delhi,Books,Comics,41.0,759.0,4,10,2732.4,UPI,6.0,3.5
ORD00324,2025-08-13,Patna,Home,Lamp,65.0,1572.0,5,15,6681.0,UPI,5.0,4.7
ORD00117,2025-01-21,Kolkata,Beauty,Shampoo,61.0,784.0,4,0,3136.0,Cash on Delivery,2.0,4.6
ORD00343,2025-10-25,Hyderabad,Sports,Yoga Mat,24.0,2259.0,1,10,2033.1,Card,3.0,5.0
ORD00258,2025-05-16,Bengaluru,Electronics,Mouse,55.0,1922.0,3,20,4612.8,UPI,4.0,3.7
ORD00390,2025-01-17,Hyderabad,Sports,Yoga Mat,39.0,1422.0,2,10,2559.6,UPI,4.0,4.1
ORD00438,2025-07-20,Patna,Home,Chair,44.0,275.0,2,0,550.0,UPI,2.0,3.7
ORD00511,2025-06-14,Pune,Electronics,Mouse,45.0,2545.0,1,10,2290.5,Cash on Delivery,2.0,3.8
ORD00047,2025-02-15,Pune,Clothing,Shoes,60.0,1966.0,2,20,3145.6,Cash on Delivery,5.0,3.7
ORD00004,2025-02-26,Delhi,Beauty,Cream,62.0,393.0,4,10,1414.8,Cash on Delivery,6.0,3.3
ORD00369,2025-07-15,Pune,Clothing,Shoes,55.0,1216.0,4,5,4620.8,Cash on Delivery,6.0,3.6
ORD00588,2025-03-05,Delhi,Clothing,T-Shirt,43.0,1133.0,4,30,3172.4,,7.0,3.7
ORD00236,2025-03-28,Dehradun,Sports,Yoga Mat,25.0,1880.0,4,20,6016.0,UPI,6.0,4.5
ORD00031,2025-04-27,Dehradun,Beauty,Cream,,826.0,4,15,2808.4,Cash on Delivery,1.0,4.4
ORD00155,2025-01-24,Bengaluru,Electronics,Headphones,59.0,2700.0,4,10,9720.0,Card,5.0,4.7
ORD00483,2025-11-30,Kolkata,Home,Lamp,26.0,837.0,1,30,585.9,UPI,4.0,4.3
ORD00431,2025-10-09,Hyderabad,Books,Comics,46.0,252.0,2,5,478.8,Cash on Delivery,5.0,2.8
ORD00408,2025-02-25,Pune,Sports,Dumbbell,57.0,1467.0,2,0,2934.0,,5.0,3.7
ORD00280,2025-03-18,Pune,Sports,Football,26.0,1197.0,4,5,4548.6,UPI,5.0,4.6
ORD00052,2025-10-10,Bengaluru,Electronics,Mouse,33.0,859.0,4,5,3264.2,Card,3.0,4.3
ORD00037,2025-07-09,Mumbai,Electronics,Headphones,23.0,1612.0,4,0,6448.0,UPI,6.0,3.5
ORD00098,2025-02-09,Mumbai,Electronics,Keyboard,47.0,1112.0,5,10,5004.0,UPI,1.0,4.7
ORD00397,2025-05-15,Delhi,Sports,Dumbbell,40.0,1415.0,2,5,2688.5,Card,3.0,3.7
ORD00014,2025-05-25,Mumbai,Sports,Racket,41.0,2329.0,5,10,10480.5,UPI,4.0,3.3
ORD00164,2025-05-29,Kolkata,Electronics,Headphones,47.0,2435.0,1,30,1704.5,Card,1.0,3.6
ORD00059,2025-05-26,Kolkata,Electronics,Keyboard,27.0,2021.0,3,20,4850.4,UPI,5.0,3.9
ORD00064,2025-08-20,Mumbai,Beauty,Cream,54.0,813.0,3,10,2195.1,Card,3.0,4.0
ORD00234,2025-03-25,Dehradun,Home,Chair,61.0,1291.0,2,15,2194.7,UPI,3.0,4.2
ORD00420,2025-10-31,Kolkata,Books,Notebook,59.0,445.0,4,0,1780.0,UPI,4.0,4.2
ORD00517,2025-01-06,Patna,Clothing,Jacket,36.0,500.0,1,5,475.0,Cash on Delivery,5.0,4.5
ORD00593,2025-05-12,Kolkata,Clothing,Jeans,44.0,1942.0,4,10,6991.2,Card,4.0,3.2
ORD00266,2025-08-17,Hyderabad,Electronics,Headphones,42.0,4390.0,4,20,14048.0,UPI,3.0,4.0
ORD00422,2025-02-28,Hyderabad,Electronics,Headphones,57.0,3322.0,4,10,11959.2,UPI,1.0,5.0
ORD00385,2025-02-10,Kolkata,Clothing,Jacket,38.0,806.0,5,15,3425.5,Card,6.0,4.4
ORD00079,2025-07-29,Kolkata,Home,Lamp,41.0,1124.0,5,0,5620.0,Cash on Delivery,5.0,3.7
ORD00046,2025-07-04,Bengaluru,Sports,Racket,,1062.0,2,15,1805.4,UPI,3.0,4.0
ORD00372,2025-08-18,Hyderabad,Clothing,Jeans,23.0,2607.0,4,30,7299.6,Net Banking,5.0,4.3
ORD00332,2025-03-02,Bengaluru,Electronics,Headphones,57.0,1296.0,1,20,1036.8,Card,5.0,3.6
ORD00158,2025-10-01,Bengaluru,Beauty,Face Wash,55.0,542.0,2,0,1084.0,UPI,1.0,3.4
ORD00025,2025-01-13,Delhi,Beauty,Perfume,54.0,530.0,2,10,954.0,UPI,3.0,5.0
ORD00445,2025-07-23,Kolkata,Clothing,T-Shirt,65.0,856.0,3,5,2439.6,Cash on Delivery,4.0,3.5
ORD00410,2025-04-26,Delhi,Books,Novel,41.0,1012.0,5,20,4048.0,UPI,4.0,3.7
ORD00257,2025-01-05,Kolkata,Sports,Racket,26.0,1322.0,4,10,4759.2,UPI,2.0,3.6
ORD00383,2025-07-08,Pune,Sports,Dumbbell,45.0,2352.0,1,0,2352.0,UPI,5.0,4.2
ORD00553,2025-01-31,Pune,Electronics,Keyboard,49.0,1974.0,4,20,6316.8,UPI,4.0,3.7
ORD00478,2025-06-28,Pune,Home,Bedsheet,53.0,3015.0,4,0,12060.0,UPI,4.0,4.2
ORD00552,2025-12-08,Delhi,Electronics,Smartwatch,45.0,2231.0,1,0,2231.0,Card,6.0,4.7
ORD00290,2025-04-24,Kolkata,Electronics,Keyboard,48.0,4595.0,2,10,8271.0,Card,6.0,2.8
ORD00492,2025-01-19,Hyderabad,Beauty,Cream,,572.0,5,15,2431.0,,3.0,4.4
ORD00450,2025-04-21,Dehradun,Home,Bottle,60.0,1147.0,4,15,3899.8,UPI,3.0,4.9
ORD00123,2025-09-18,Mumbai,Electronics,Keyboard,32.0,3400.0,3,10,9180.0,UPI,4.0,4.5
ORD00320,2025-06-21,Pune,Books,Textbook,22.0,540.0,2,5,1026.0,Card,5.0,5.0
ORD00067,2025-07-13,Pune,Home,Lamp,41.0,1109.0,2,20,1774.4,UPI,4.0,3.2
ORD00195,2025-08-24,Delhi,Electronics,Headphones,,1751.0,5,30,6128.5,Cash on Delivery,4.0,4.8
ORD00178,2025-03-20,Kolkata,Books,Notebook,44.0,293.0,1,20,234.4,Cash on Delivery,9.0,4.0
ORD00207,2025-05-20,Pune,Electronics,Mouse,50.0,1394.0,4,5,5297.2,UPI,,4.2
ORD00128,2025-04-16,Bengaluru,Electronics,Headphones,59.0,2624.0,3,0,7872.0,UPI,4.0,3.7
ORD00485,2025-11-04,Mumbai,Electronics,Mouse,21.0,1153.0,1,10,1037.7,UPI,5.0,3.5
ORD00337,2025-08-27,Patna,Electronics,Headphones,30.0,1589.0,1,5,1509.55,Cash on Delivery,4.0,4.2
ORD00432,2025-02-13,Hyderabad,Beauty,Cream,62.0,401.0,3,10,1082.7,UPI,3.0,3.1
ORD00473,2025-08-07,Kolkata,Electronics,Mouse,30.0,1476.0,3,10,3985.2,Cash on Delivery,5.0,3.1
ORD00001,2025-10-26,Hyderabad,Beauty,Cream,59.0,485.0,3,5,1382.25,Card,2.0,3.6
ORD00227,2025-04-14,Mumbai,Electronics,Keyboard,37.0,1585.0,5,0,7925.0,UPI,5.0,2.7
ORD00575,2025-08-01,Pune,Sports,Racket,26.0,723.0,1,0,723.0,Card,6.0,4.1
ORD00568,2025-04-22,Delhi,Electronics,Mouse,36.0,2110.0,2,0,4220.0,Card,6.0,4.7
ORD00250,2025-06-27,Mumbai,Clothing,T-Shirt,51.0,1002.0,4,10,3607.2,UPI,6.0,4.7
ORD00378,2025-06-08,Pune,Clothing,Shoes,22.0,1241.0,1,0,1241.0,UPI,4.0,3.9
ORD00109,2025-06-22,Kolkata,Electronics,Mouse,33.0,3822.0,3,10,10319.4,Cash on Delivery,1.0,3.2
ORD00427,2025-11-22,Hyderabad,Clothing,Jacket,61.0,1365.0,3,15,3480.75,Card,1.0,
ORD00194,2025-08-19,Delhi,Sports,Dumbbell,31.0,3000.0,2,10,5400.0,Cash on Delivery,8.0,3.9
ORD00006,2025-11-17,Delhi,Books,Notebook,50.0,464.0,1,5,440.8,Card,1.0,4.9
ORD00261,2025-08-01,Dehradun,Electronics,Smartwatch,33.0,1947.0,1,5,1849.65,Cash on Delivery,5.0,4.0
ORD00569,2025-02-08,Kolkata,Clothing,T-Shirt,20.0,963.0,4,20,3081.6,UPI,3.0,4.3
ORD00314,2025-08-06,Mumbai,Clothing,Jeans,46.0,1840.0,5,0,9200.0,Card,5.0,3.1
ORD00537,2025-11-10,Mumbai,Home,Chair,23.0,711.0,5,15,3021.75,UPI,6.0,4.4
ORD00566,2025-08-16,Mumbai,Beauty,Cream,63.0,287.0,4,5,1090.6,UPI,3.0,4.5
ORD00060,2025-03-28,Mumbai,Electronics,Smartwatch,49.0,2706.0,4,0,10824.0,Card,5.0,4.3
ORD00346,2025-03-27,Bengaluru,Sports,Dumbbell,19.0,1015.0,4,15,3451.0,Net Banking,7.0,4.0
ORD00048,2025-11-20,Mumbai,Clothing,Jeans,52.0,2141.0,1,30,1498.7,UPI,3.0,5.0
ORD00525,2025-03-26,Kolkata,Electronics,Keyboard,32.0,1677.0,4,20,5366.4,Cash on Delivery,,4.5
ORD00303,2025-04-02,Kolkata,Home,Lamp,59.0,535.0,2,10,963.0,UPI,5.0,4.8
ORD00468,2025-05-06,Kolkata,Books,Comics,54.0,1140.0,2,0,2280.0,UPI,3.0,4.2
ORD00121,2025-08-16,Kolkata,Home,Lamp,64.0,817.0,3,0,2451.0,UPI,3.0,5.0
ORD00287,2025-10-08,Bengaluru,Electronics,Headphones,,3119.0,4,20,9980.8,Card,5.0,4.7
ORD00423,2025-08-22,Delhi,Electronics,Smartwatch,61.0,2395.0,5,5,11376.25,Card,4.0,3.4
ORD00415,2025-02-25,Hyderabad,Electronics,Headphones,24.0,804.0,2,5,1527.6,UPI,5.0,
ORD00544,2025-11-02,Mumbai,Books,Novel,,1372.0,3,20,3292.8,Net Banking,3.0,3.0
ORD00247,2025-09-14,Kolkata,Home,Bottle,47.0,1000.0,4,5,3800.0,Cash on Delivery,4.0,3.5
ORD00516,2025-07-22,Pune,Electronics,Smartwatch,56.0,2026.0,1,0,2026.0,UPI,5.0,4.4
ORD00167,2025-08-29,Patna,Sports,Football,26.0,1114.0,4,0,4456.0,UPI,3.0,3.6
ORD00313,2025-08-30,Mumbai,Clothing,Jacket,50.0,620.0,2,5,1178.0,UPI,3.0,5.0
ORD00590,2025-03-22,Kolkata,Electronics,Smartwatch,36.0,2302.0,1,0,2302.0,UPI,5.0,4.8
ORD00210,2025-08-06,Mumbai,Home,Bedsheet,23.0,3870.0,4,0,15480.0,UPI,4.0,4.0
ORD00570,2025-06-07,Bengaluru,Home,Lamp,60.0,217.0,2,10,390.6,Card,4.0,3.1
ORD00223,2025-08-28,Delhi,Beauty,Shampoo,65.0,482.0,5,0,2410.0,UPI,6.0,4.4
ORD00300,2025-03-11,Pune,Beauty,Cream,30.0,1600.0,5,30,5600.0,Cash on Delivery,7.0,
ORD00214,2025-07-13,Hyderabad,Sports,Racket,29.0,1344.0,5,0,6720.0,Net Banking,4.0,3.0
ORD00119,2025-12-27,Dehradun,Clothing,Jeans,36.0,595.0,4,5,2261.0,Net Banking,2.0,3.5
ORD00205,2025-05-26,Patna,Electronics,Headphones,60.0,1962.0,4,0,7848.0,Cash on Delivery,5.0,5.0
ORD00384,2025-01-10,Patna,Home,Bedsheet,63.0,2028.0,4,10,7300.8,Cash on Delivery,5.0,3.9
ORD00498,2025-10-14,Delhi,Home,Lamp,36.0,1147.0,1,5,1089.65,Card,9.0,3.7
ORD00535,2025-03-21,Patna,Electronics,Smartwatch,28.0,1987.0,3,15,5066.85,UPI,1.0,3.0
ORD00522,2025-10-30,Mumbai,Clothing,Jacket,45.0,759.0,1,10,683.1,Cash on Delivery,6.0,3.4
ORD00043,2025-07-21,Delhi,Beauty,Cream,30.0,446.0,2,5,847.4,UPI,2.0,2.7
ORD00530,2025-01-09,Delhi,Clothing,T-Shirt,,1095.0,4,5,4161.0,Card,2.0,4.6
ORD00561,2025-12-13,Mumbai,Electronics,Mouse,26.0,3052.0,4,5,11597.6,Cash on Delivery,4.0,4.2
ORD00583,2025-07-05,Hyderabad,Electronics,Headphones,62.0,1870.0,2,10,3366.0,Card,2.0,3.0
ORD00077,2025-10-17,Patna,Clothing,Jacket,20.0,1387.0,4,5,5270.6,UPI,5.0,4.1
ORD00501,2025-10-01,Mumbai,Beauty,Perfume,43.0,1212.0,1,10,1090.8,UPI,6.0,3.9
ORD00142,2025-09-07,Mumbai,Home,Lamp,35.0,1148.0,5,20,4592.0,UPI,1.0,3.6
ORD00573,2025-10-18,Dehradun,Home,Bedsheet,41.0,681.0,4,20,2179.2,Card,3.0,4.7
ORD00074,2025-07-09,Delhi,Clothing,Jacket,41.0,1869.0,3,10,5046.3,Cash on Delivery,1.0,4.1
ORD00307,2025-05-06,Kolkata,Clothing,Shoes,47.0,1150.0,4,0,4600.0,UPI,1.0,2.2
ORD00509,2025-11-01,Patna,Home,Lamp,61.0,1255.0,2,0,2510.0,UPI,3.0,3.5
ORD00560,2025-10-07,Delhi,Home,Chair,50.0,1506.0,4,5,5722.8,UPI,3.0,4.3
ORD00508,2025-10-04,Kolkata,Sports,Racket,37.0,1740.0,1,5,1653.0,UPI,4.0,
ORD00153,2025-11-15,Hyderabad,Electronics,Mouse,19.0,2608.0,5,10,11736.0,UPI,3.0,3.5
ORD00033,2025-11-12,Delhi,Clothing,Shoes,25.0,1458.0,1,0,1458.0,Net Banking,3.0,4.3
ORD00016,2025-04-21,Patna,Electronics,Headphones,23.0,1224.0,2,10,2203.2,Card,5.0,3.8
ORD00493,2025-11-09,Hyderabad,Beauty,Shampoo,21.0,538.0,1,20,430.4,UPI,3.0,5.0
ORD00351,2025-12-20,Pune,Home,Bedsheet,52.0,523.0,4,5,1987.4,Card,3.0,5.0
ORD00108,2025-04-13,Hyderabad,Clothing,T-Shirt,50.0,713.0,4,0,2852.0,Cash on Delivery,3.0,4.8
ORD00177,2025-11-06,Hyderabad,Clothing,Shoes,65.0,820.0,4,10,2952.0,UPI,2.0,3.3
ORD00467,2025-05-31,Mumbai,Beauty,Cream,57.0,799.0,4,20,2556.8,UPI,4.0,4.5
ORD00404,2025-10-06,Dehradun,Electronics,Mouse,34.0,4541.0,2,10,8173.8,UPI,7.0,4.7
ORD00148,2025-06-19,Mumbai,Home,Chair,29.0,570.0,2,30,798.0,Cash on Delivery,5.0,4.8
ORD00451,2025-06-08,Bengaluru,Electronics,Headphones,44.0,1047.0,3,0,3141.0,Cash on Delivery,4.0,3.5
ORD00255,2025-05-06,Mumbai,Clothing,Jacket,61.0,825.0,1,10,742.5,Net Banking,6.0,3.0
ORD00335,2025-08-27,Kolkata,Electronics,Smartwatch,25.0,2714.0,1,15,2306.9,UPI,8.0,5.0
ORD00036,2025-12-13,Pune,Electronics,Mouse,52.0,4868.0,1,20,3894.4,Cash on Delivery,3.0,4.7
ORD00436,2025-04-11,Delhi,Electronics,Keyboard,,3207.0,1,5,3046.65,UPI,4.0,4.2
ORD00226,2025-03-25,Patna,Books,Notebook,25.0,492.0,2,10,885.6,Net Banking,6.0,3.2
ORD00173,2025-08-30,Kolkata,Clothing,Jeans,62.0,744.0,1,20,595.2,UPI,6.0,4.6
ORD00470,2025-06-15,Patna,Home,Chair,45.0,1320.0,1,0,1320.0,UPI,5.0,3.5
ORD00242,2025-05-12,Hyderabad,Sports,Dumbbell,57.0,2207.0,1,5,2096.65,Net Banking,4.0,3.7
ORD00018,2025-02-20,Mumbai,Electronics,Keyboard,29.0,2542.0,1,0,2542.0,UPI,3.0,3.7
ORD00344,2025-05-28,Pune,Home,Chair,62.0,744.0,3,0,2232.0,Cash on Delivery,4.0,4.4
ORD00157,2025-05-17,Kolkata,Clothing,Jeans,58.0,418.0,3,15,1065.9,UPI,6.0,3.3
ORD00541,2025-07-30,Pune,Books,Textbook,51.0,448.0,4,0,1792.0,UPI,4.0,3.5
ORD00598,2025-01-21,Hyderabad,Home,Lamp,60.0,969.0,1,5,920.55,Cash on Delivery,4.0,4.3
ORD00531,2025-11-17,Delhi,Beauty,Cream,41.0,867.0,3,10,2340.9,UPI,5.0,4.1
ORD00035,2025-02-17,Delhi,Home,Chair,62.0,882.0,5,0,4410.0,Cash on Delivery,5.0,3.8
ORD00375,2025-04-30,Pune,Electronics,Headphones,53.0,5105.0,2,20,8168.0,Card,3.0,5.0
ORD00389,2025-01-25,Delhi,Electronics,Smartwatch,43.0,3240.0,2,0,6480.0,Cash on Delivery,2.0,4.3
ORD00596,2025-07-02,Mumbai,Clothing,T-Shirt,,1510.0,4,20,4832.0,Card,5.0,4.2
ORD00556,2025-12-05,Mumbai,Clothing,Jeans,53.0,2418.0,5,20,9672.0,Net Banking,4.0,3.8
ORD00216,2025-10-20,Bengaluru,Beauty,Cream,58.0,670.0,2,5,1273.0,Card,2.0,3.5
ORD00374,2025-08-20,Patna,Clothing,Shoes,32.0,727.0,4,30,2035.6,UPI,5.0,3.1
ORD00209,2025-03-31,Kolkata,Electronics,Headphones,59.0,4254.0,4,5,16165.2,UPI,2.0,
ORD00434,2025-10-26,Pune,Sports,Racket,45.0,511.0,3,0,1533.0,UPI,3.0,3.7
ORD00065,2025-05-08,Kolkata,Home,Lamp,36.0,1701.0,3,30,3572.1,Net Banking,5.0,4.5
ORD00011,2025-09-10,Bengaluru,Clothing,Jacket,27.0,1140.0,1,10,1026.0,UPI,7.0,
ORD00179,2025-08-28,Kolkata,Sports,Dumbbell,48.0,1108.0,4,5,4210.4,Card,5.0,3.9
ORD00253,2025-03-19,Mumbai,Clothing,T-Shirt,19.0,1503.0,1,20,1202.4,Card,5.0,4.6
ORD00262,2025-01-12,Patna,Sports,Football,18.0,508.0,2,10,914.4,Cash on Delivery,5.0,3.2
ORD00101,2025-11-04,Delhi,Books,Notebook,23.0,714.0,4,15,2427.6,,4.0,3.7
ORD00168,2025-02-28,Mumbai,Sports,Football,37.0,1449.0,1,0,1449.0,Card,2.0,4.0
ORD00315,2025-04-27,Mumbai,Clothing,T-Shirt,33.0,804.0,4,5,3055.2,UPI,4.0,
ORD00519,2025-11-25,Delhi,Electronics,Mouse,47.0,4108.0,1,0,4108.0,UPI,6.0,4.2
ORD00524,2025-11-11,Delhi,Home,Chair,40.0,1989.0,5,5,9447.75,Card,3.0,
ORD00447,2025-09-22,Kolkata,Books,Textbook,46.0,597.0,5,30,2089.5,Net Banking,2.0,3.5
ORD00563,2025-05-29,Bengaluru,Sports,Yoga Mat,41.0,1266.0,5,10,5697.0,UPI,5.0,3.6
ORD00368,2025-11-03,Dehradun,Beauty,Shampoo,60.0,437.0,5,10,1966.5,UPI,1.0,
ORD00146,2025-02-14,Bengaluru,Clothing,Shoes,42.0,525.0,5,30,1837.5,UPI,3.0,
ORD00363,2025-12-17,Pune,Electronics,Headphones,22.0,1671.0,5,5,7937.25,Card,4.0,
ORD00559,2025-10-24,Bengaluru,Home,Chair,53.0,1435.0,5,5,6816.25,UPI,1.0,3.8
ORD00322,2025-05-09,Kolkata,Home,Chair,49.0,885.0,1,0,885.0,Card,5.0,5.0
ORD00186,2025-10-04,Pune,Beauty,Face Wash,,2207.0,5,0,11035.0,UPI,3.0,4.7
ORD00133,2025-02-21,Bengaluru,Home,Bedsheet,30.0,922.0,5,0,4610.0,UPI,3.0,3.3
ORD00120,2025-07-04,Hyderabad,Home,Bedsheet,46.0,75000.0,1,15,63750.0,UPI,4.0,2.7
ORD00039,2025-09-08,Mumbai,Electronics,Mouse,20.0,1965.0,4,5,7467.0,UPI,6.0,4.1
ORD00494,2025-12-07,Patna,Clothing,Jeans,39.0,1897.0,2,15,3224.9,Cash on Delivery,1.0,3.9
ORD00558,2025-08-08,Kolkata,Home,Chair,29.0,602.0,2,15,1023.4,,6.0,4.3
ORD00339,2025-09-08,Delhi,Electronics,Keyboard,56.0,1541.0,5,0,7705.0,Cash on Delivery,8.0,3.7
ORD00085,2025-08-07,Bengaluru,Electronics,Mouse,34.0,2793.0,2,10,5027.4,Card,4.0,3.1
ORD00225,2025-07-31,Hyderabad,Clothing,Jeans,34.0,1786.0,2,5,3393.4,UPI,3.0,3.5
ORD00020,2025-08-28,Delhi,Home,Bedsheet,43.0,766.0,5,10,3447.0,UPI,1.0,3.7
ORD00073,2025-09-16,Pune,Sports,Racket,34.0,1612.0,2,10,2901.6,Card,,3.2
ORD00419,2025-10-23,Delhi,Electronics,Headphones,36.0,1133.0,2,15,1926.1,Cash on Delivery,1.0,4.0
ORD00076,2025-07-22,Mumbai,Clothing,Jacket,45.0,2187.0,2,15,3717.9,Cash on Delivery,4.0,2.8
ORD00381,2025-09-24,Pune,Home,Bedsheet,62.0,872.0,3,5,2485.2,UPI,2.0,3.0
ORD00386,2025-01-03,Kolkata,Books,Textbook,37.0,523.0,5,0,2615.0,Cash on Delivery,3.0,3.1
ORD00453,2025-03-18,Mumbai,Beauty,Face Wash,51.0,444.0,3,15,1132.2,UPI,2.0,4.4
ORD00265,2025-07-29,Dehradun,Books,Notebook,33.0,319.0,1,5,303.05,Card,1.0,5.0
ORD00041,2025-08-12,Kolkata,Clothing,Jacket,58.0,1243.0,5,5,5904.25,UPI,6.0,3.8
ORD00429,2025-06-28,Bengaluru,Electronics,Mouse,34.0,1001.0,5,0,5005.0,Cash on Delivery,8.0,3.4
ORD00161,2025-08-03,Patna,Electronics,Headphones,45.0,2195.0,4,10,7902.0,UPI,7.0,2.7
ORD00111,2025-07-10,Dehradun,Clothing,Jacket,37.0,591.0,5,10,2659.5,Card,3.0,4.2
ORD00304,2025-02-07,Mumbai,Home,Bedsheet,19.0,366.0,1,10,329.4,UPI,3.0,3.2
ORD00578,2025-06-10,Pune,Home,Lamp,57.0,1098.0,3,15,2799.9,UPI,3.0,4.2
ORD00049,2025-04-14,Mumbai,Beauty,Perfume,60.0,1333.0,4,0,5332.0,Cash on Delivery,5.0,4.7
ORD00510,2025-05-06,Pune,Electronics,Headphones,36.0,2404.0,2,15,4086.8,Card,4.0,5.0
ORD00019,2025-02-13,Kolkata,Sports,Racket,64.0,2702.0,1,10,2431.8,UPI,5.0,4.1
ORD00044,2025-04-12,Hyderabad,Clothing,Jeans,54.0,1464.0,2,20,2342.4,UPI,4.0,3.1
ORD00274,2025-08-01,Delhi,Home,Lamp,43.0,298.0,1,0,298.0,Card,3.0,3.5
ORD00444,2025-01-21,Mumbai,Electronics,Keyboard,29.0,3290.0,2,15,5593.0,UPI,5.0,4.9
ORD00091,2025-05-10,Mumbai,Electronics,Headphones,31.0,2198.0,5,0,10990.0,Cash on Delivery,5.0,3.8
ORD00276,2025-05-31,Hyderabad,Clothing,Jeans,36.0,915.0,3,0,2745.0,UPI,3.0,3.1
ORD00115,2025-03-15,Mumbai,Electronics,Smartwatch,18.0,2467.0,2,10,4440.6,Card,1.0,2.9
ORD00329,2025-04-06,Hyderabad,Home,Lamp,48.0,514.0,3,5,1464.9,Card,1.0,4.2
ORD00466,2025-04-18,Patna,Beauty,Perfume,52.0,744.0,2,20,1190.4,UPI,4.0,5.0
ORD00132,2025-11-17,Mumbai,Books,Comics,42.0,679.0,5,0,3395.0,UPI,2.0,4.3
ORD00002,2025-02-14,Hyderabad,Clothing,Jeans,33.0,1172.0,2,0,2344.0,Card,6.0,4.2
ORD00228,2025-09-28,Kolkata,Home,Bottle,45.0,1754.0,3,15,4472.7,UPI,2.0,4.1
ORD00134,2025-09-17,Pune,Clothing,Shoes,35.0,833.0,1,10,749.7,UPI,4.0,5.0
ORD00249,2025-01-24,Dehradun,Clothing,Jacket,42.0,2115.0,3,30,4441.5,Cash on Delivery,4.0,3.2
ORD00284,2025-11-30,Hyderabad,Clothing,T-Shirt,32.0,1942.0,5,20,7768.0,UPI,7.0,3.5
ORD00497,2025-07-09,Kolkata,Clothing,Jeans,28.0,993.0,1,10,893.7,Cash on Delivery,5.0,4.2
ORD00336,2025-06-10,Delhi,Home,Lamp,47.0,903.0,5,15,3837.75,UPI,,3.9
ORD00440,2025-07-20,Delhi,Home,Bedsheet,34.0,1760.0,5,10,7920.0,UPI,2.0,3.2
ORD00264,2025-08-15,Mumbai,Electronics,Headphones,42.0,1929.0,4,10,6944.4,UPI,5.0,3.7
ORD00143,2025-06-16,Mumbai,Books,Novel,62.0,243.0,4,30,680.4,Card,3.0,
ORD00246,2025-02-27,Patna,Sports,Yoga Mat,47.0,1286.0,3,20,3086.4,UPI,3.0,3.9
ORD00028,2025-09-24,Patna,Electronics,Smartwatch,27.0,3718.0,3,0,11154.0,Card,1.0,
ORD00442,2025-08-08,Hyderabad,Electronics,Headphones,31.0,1849.0,1,5,1756.55,Cash on Delivery,9.0,4.1
ORD00139,2025-07-07,Dehradun,Sports,Racket,36.0,2027.0,1,0,2027.0,Card,5.0,4.1
ORD00364,2025-06-09,Hyderabad,Electronics,Smartwatch,37.0,1255.0,2,5,2384.5,Cash on Delivery,5.0,5.0
ORD00090,2025-08-08,Pune,Home,Chair,48.0,2916.0,2,5,5540.4,Card,4.0,3.3
ORD00024,2025-10-11,Bengaluru,Sports,Dumbbell,62.0,1097.0,1,30,767.9,Cash on Delivery,6.0,4.5
ORD00080,2025-09-06,Mumbai,Sports,Racket,37.0,335.0,4,0,1340.0,Cash on Delivery,5.0,3.4
ORD00126,2025-07-02,Kolkata,Home,Lamp,39.0,1833.0,3,15,4674.15,Net Banking,1.0,3.8
ORD00243,2025-09-03,Hyderabad,Clothing,Shoes,30.0,2524.0,3,30,5300.4,UPI,4.0,3.8
ORD00371,2025-06-20,Hyderabad,Beauty,Face Wash,59.0,885.0,4,5,3363.0,UPI,3.0,4.7
ORD00327,2025-07-09,Pune,Sports,Football,,3813.0,1,10,3431.7,UPI,4.0,3.6
ORD00580,2025-03-20,Mumbai,Clothing,Jacket,19.0,2561.0,2,0,5122.0,Card,6.0,3.4
ORD00505,2025-10-26,Mumbai,Home,Bottle,33.0,1163.0,5,5,5524.25,Cash on Delivery,3.0,3.4
ORD00409,2025-03-05,Dehradun,Electronics,Headphones,43.0,1630.0,4,0,6520.0,Cash on Delivery,5.0,3.2
ORD00412,2025-05-26,Hyderabad,Beauty,Face Wash,55.0,583.0,5,5,2769.25,UPI,2.0,
ORD00082,2025-05-22,Hyderabad,Clothing,Jacket,45.0,194.0,2,10,349.2,UPI,3.0,5.0
ORD00469,2025-03-25,Bengaluru,Electronics,Keyboard,65.0,2781.0,3,10,7508.7,UPI,2.0,4.5
ORD00232,2025-12-24,Hyderabad,Clothing,T-Shirt,48.0,2233.0,1,15,1898.05,UPI,6.0,3.4
ORD00502,2025-12-09,Delhi,Sports,Yoga Mat,23.0,2343.0,5,20,9372.0,Card,3.0,5.0
ORD00038,2025-06-19,Patna,Home,Lamp,21.0,2661.0,2,10,4789.8,UPI,3.0,3.0
ORD00141,2025-04-01,Hyderabad,Home,Chair,25.0,1387.0,4,0,5548.0,Cash on Delivery,3.0,4.0
ORD00547,2025-06-04,Mumbai,Clothing,Shoes,45.0,2378.0,3,10,6420.6,Net Banking,5.0,3.2
ORD00237,2025-06-07,Mumbai,Home,Bedsheet,64.0,549.0,1,30,384.3,UPI,6.0,4.8
ORD00417,2025-08-07,Delhi,Electronics,Smartwatch,32.0,2268.0,2,20,3628.8,UPI,5.0,
ORD00584,2025-12-23,Bengaluru,Clothing,Shoes,59.0,1548.0,4,15,5263.2,UPI,2.0,3.7
ORD00333,2025-12-09,Bengaluru,Beauty,Cream,35.0,336.0,1,20,268.8,UPI,2.0,5.0
ORD00270,2025-04-26,Hyderabad,Electronics,Headphones,34.0,2241.0,3,0,6723.0,UPI,5.0,5.0
ORD00338,2025-10-10,Kolkata,Beauty,Face Wash,51.0,464.0,4,20,1484.8,UPI,5.0,3.1
ORD00092,2025-05-05,Mumbai,Beauty,Cream,55.0,797.0,2,0,1594.0,Cash on Delivery,2.0,5.0
ORD00081,2025-04-28,Kolkata,Beauty,Shampoo,58.0,787.0,1,20,629.6,Cash on Delivery,4.0,3.9
